delete from aa_multimedia_info;
insert into aa_multimedia_info(contentid,linkid,sequence,url,type,contentSuffix) values('1234561','025sHayQ1001','0','/home/12/345/','4','jpg');
insert into aa_multimedia_info(contentid,linkid,sequence,url,type,contentSuffix) values('1234562','025sHayQ1002','0','/home/12/345/','4','jpg');
insert into aa_multimedia_info(contentid,linkid,sequence,url,type,contentSuffix) values('1234563','025sHayQ1003','0','/home/12/345/','4','jpg');
insert into aa_multimedia_info(contentid,linkid,sequence,url,type,contentSuffix) values('1234564','025sHayQ1004','0','/home/12/345/','4','jpg');
insert into aa_multimedia_info(contentid,linkid,sequence,url,type,contentSuffix) values('1234565','025sHayQ1005','0','/home/12/345/','4','jpg');
insert into aa_multimedia_info(contentid,linkid,sequence,url,type,contentSuffix) values('1234566','025sHayQ1006','0','/home/12/345/','4','jpg');
insert into aa_multimedia_info(contentid,linkid,sequence,url,type,contentSuffix) values('1234567','025sHayQ1007','0','/home/12/345/','4','jpg');
insert into aa_multimedia_info(contentid,linkid,sequence,url,type,contentSuffix) values('1234568','025sHayQ1008','0','/home/12/345/','4','jpg');
insert into aa_multimedia_info(contentid,linkid,sequence,url,type,contentSuffix) values('1234569','025sHayQ1009','0','/home/12/345/','4','jpg');
insert into aa_multimedia_info(contentid,linkid,sequence,url,type,contentSuffix) values('1234570','025sHayQ1010','0','/home/12/345/','4','jpg');
insert into aa_multimedia_info(contentid,linkid,sequence,url,type,contentSuffix) values('1234571','025sHayQ1011','0','/home/12/345/','4','jpg');
insert into aa_multimedia_info(contentid,linkid,sequence,url,type,contentSuffix) values('1234572','025sHayQ1012','0','/home/12/345/','4','jpg');
insert into aa_multimedia_info(contentid,linkid,sequence,url,type,contentSuffix) values('1234573','025sHayQ1013','0','/home/12/345/','4','jpg');
insert into aa_multimedia_info(contentid,linkid,sequence,url,type,contentSuffix) values('1234574','025sHayQ1014','0','/home/12/345/','4','jpg');  											 1234574
insert into aa_multimedia_info(contentid,linkid,sequence,url,type,contentSuffix) values('1234575','025sHayQ1015','0','/home/12/345/','4','jpg');  												1234575
insert into aa_multimedia_info(contentid,linkid,sequence,url,type,contentSuffix) values('1234576','025sHayQ1016','0','/home/12/345/','4','jpg');  												1234576
insert into aa_multimedia_info(contentid,linkid,sequence,url,type,contentSuffix) values('1234577','025sHayQ1017','0','/home/12/345/','4','jpg');  												1234577
insert into aa_multimedia_info(contentid,linkid,sequence,url,type,contentSuffix) values('1234578','025sHayQ1018','0','/home/12/345/','4','jpg');  												1234578
insert into aa_multimedia_info(contentid,linkid,sequence,url,type,contentSuffix) values('1234579','025sHayQ1019','0','/home/12/345/','4','jpg');  
insert into aa_multimedia_info(contentid,linkid,sequence,url,type,contentSuffix) values('1234580','025sHayQ1020','0','/home/12/345/','4','jpg');  
insert into aa_multimedia_info(contentid,linkid,sequence,url,type,contentSuffix) values('1234581','025sHayQ1021','0','/home/12/345/','4','jpg');  
insert into aa_multimedia_info(contentid,linkid,sequence,url,type,contentSuffix) values('1234582','025sHayQ1022','0','/home/12/345/','4','jpg');  
insert into aa_multimedia_info(contentid,linkid,sequence,url,type,contentSuffix) values('1234583','025sHayQ1023','0','/home/12/345/','4','jpg');  
insert into aa_multimedia_info(contentid,linkid,sequence,url,type,contentSuffix) values('1234584','025sHayQ1024','0','/home/12/345/','4','jpg');  
insert into aa_multimedia_info(contentid,linkid,sequence,url,type,contentSuffix) values('1234585','025sHayQ1025','0','/home/12/345/','4','jpg');  
insert into aa_multimedia_info(contentid,linkid,sequence,url,type,contentSuffix) values('1234586','025sHayQ1026','0','/home/12/345/','4','jpg');  

insert into aa_multimedia_info(contentid,linkid,sequence,url,type,contentSuffix) values('1234586','cbe330252fVxQ10020taxQ10075','0','/home/12/345/','2','jpg'); 
insert into aa_multimedia_info(contentid,linkid,sequence,url,type,contentSuffix) values('1234587','cbe330252fVxQ10020taxQ10076','0','/home/12/345/','2','jpg'); 
insert into aa_multimedia_info(contentid,linkid,sequence,url,type,contentSuffix) values('1234588','cbe330252fVxQ10020taxQ10077','0','/home/12/345/','2','jpg'); 
insert into aa_multimedia_info(contentid,linkid,sequence,url,type,contentSuffix) values('1234589','cbe330252fVxQ10020taxQ10078','0','/home/12/345/','2','jpg'); 
insert into aa_multimedia_info(contentid,linkid,sequence,url,type,contentSuffix) values('1234590','cbe330252fVxQ10020taxQ10079','0','/home/12/345/','2','jpg'); 
insert into aa_multimedia_info(contentid,linkid,sequence,url,type,contentSuffix) values('1234591','cbe330252fVxQ10020taxQ10080','0','/home/12/345/','2','jpg'); 
insert into aa_multimedia_info(contentid,linkid,sequence,url,type,contentSuffix) values('1234592','cbe330252fVxQ10020taxQ10081','0','/home/12/345/','2','jpg'); 
insert into aa_multimedia_info(contentid,linkid,sequence,url,type,contentSuffix) values('1234593','cbe330252fVxQ10020taxQ10082','0','/home/12/345/','2','jpg'); 
												   


delete from aa_user_info;
insert into aa_user_info(userid,username,pwd,type,time) values('025sHayQ1001','shaojun01','123',0,sysdate());
insert into aa_user_info(userid,username,pwd,type,time) values('025sHayQ1002','shaojun02','123',0,sysdate());
insert into aa_user_info(userid,username,pwd,type,time) values('025sHayQ1003','shaojun03','123',0,sysdate());
insert into aa_user_info(userid,username,pwd,type,time) values('025sHayQ1004','shaojun04','123',0,sysdate());
insert into aa_user_info(userid,username,pwd,type,time) values('025sHayQ1005','shaojun05','123',0,sysdate());
insert into aa_user_info(userid,username,pwd,type,time) values('025sHayQ1006','shaojun06','123',0,sysdate());
insert into aa_user_info(userid,username,pwd,type,time) values('025sHayQ1007','shaojun07','123',0,sysdate());
insert into aa_user_info(userid,username,pwd,type,time) values('025sHayQ1008','shaojun08','123',1,sysdate());
insert into aa_user_info(userid,username,pwd,type,time) values('025sHayQ1009','shaojun09','123',1,sysdate());
insert into aa_user_info(userid,username,pwd,type,time) values('025sHayQ1010','shaojun10','123',1,sysdate());
insert into aa_user_info(userid,username,pwd,type,time) values('025sHayQ1011','shaojun11','123',1,sysdate());


delete from aa_user_details_info
insert into aa_user_details_info(userid,sortid)values('025sHayQ1001','1');
insert into aa_user_details_info(userid,sortid)values('025sHayQ1002','1');
insert into aa_user_details_info(userid,sortid)values('025sHayQ1003','1');
insert into aa_user_details_info(userid,sortid)values('025sHayQ1004','1');
insert into aa_user_details_info(userid,sortid)values('025sHayQ1005','1');
insert into aa_user_details_info(userid,sortid)values('025sHayQ1006','1');
insert into aa_user_details_info(userid,sortid)values('025sHayQ1007','1');
insert into aa_user_details_info(userid,sortid)values('025sHayQ1008','1');
insert into aa_user_details_info(userid,sortid)values('025sHayQ1009','1');
insert into aa_user_details_info(userid,sortid)values('025sHayQ1010','1');
insert into aa_user_details_info(userid,sortid)values('025sHayQ1011','1');


delete from aa_sort_content_info;
insert into aa_sort_content_info(cid,sortid,typeid,time,name,description,userid,status,areaid) values('025sHayQ1012',0,1,sysdate(),'team01','11','0251HlvQ1001',0,33);
insert into aa_sort_content_info(cid,sortid,typeid,time,name,description,userid,status,areaid) values('025sHayQ1013',0,1,sysdate(),'team02','11','0251HlvQ1001',0,33);
insert into aa_sort_content_info(cid,sortid,typeid,time,name,description,userid,status,areaid) values('025sHayQ1014',0,1,sysdate(),'team03','11','0251HlvQ1001',0,33);
insert into aa_sort_content_info(cid,sortid,typeid,time,name,description,userid,status,areaid) values('025sHayQ1015',0,1,sysdate(),'team04','11','0251HlvQ1001',0,33);
insert into aa_sort_content_info(cid,sortid,typeid,time,name,description,userid,status,areaid) values('025sHayQ1016',0,1,sysdate(),'team05','11','0251HlvQ1001',0,33);
insert into aa_sort_content_info(cid,sortid,typeid,time,name,description,userid,status,areaid) values('025sHayQ1017',1,1,sysdate(),'team06','11','0251HlvQ1001',0,33);
insert into aa_sort_content_info(cid,sortid,typeid,time,name,description,userid,status,areaid) values('025sHayQ1018',1,1,sysdate(),'team07','11','0251HlvQ1001',0,33);
insert into aa_sort_content_info(cid,sortid,typeid,time,name,description,userid,status,areaid) values('025sHayQ1019',1,1,sysdate(),'team08','11','0251HlvQ1001',0,33);
insert into aa_sort_content_info(cid,sortid,typeid,time,name,description,userid,status,areaid) values('025sHayQ1020',1,1,sysdate(),'team09','11','0251HlvQ1001',0,33);
insert into aa_sort_content_info(cid,sortid,typeid,time,name,description,userid,status,areaid) values('025sHayQ1021',1,1,sysdate(),'team10','11','0251HlvQ1001',0,33);
insert into aa_sort_content_info(cid,sortid,typeid,time,name,description,userid,status,areaid) values('025sHayQ1022',2,1,sysdate(),'team11','11','0251HlvQ1001',0,33);
insert into aa_sort_content_info(cid,sortid,typeid,time,name,description,userid,status,areaid) values('025sHayQ1023',2,1,sysdate(),'team12','11','0251HlvQ1001',0,33);
insert into aa_sort_content_info(cid,sortid,typeid,time,name,description,userid,status,areaid) values('025sHayQ1024',2,1,sysdate(),'team13','11','0251HlvQ1001',0,33);
insert into aa_sort_content_info(cid,sortid,typeid,time,name,description,userid,status,areaid) values('025sHayQ1025',2,1,sysdate(),'team14','11','0251HlvQ1001',0,33);
insert into aa_sort_content_info(cid,sortid,typeid,time,name,description,userid,status,areaid) values('025sHayQ1026',2,1,sysdate(),'team15','11','0251HlvQ1001',0,33);


delete from aa_active_info;
insert into aa_active_info(activeid,userid,cid,typeid,sortid,title,content,starttime,endtime,status,time,jointype,areaid,address,payall,maxfee,minfee)values('cbe330252fVxQ10020taxQ10075','025sHayQ1001','025sHayQ1012','','2','huodong1','contentcontent...','2011-08-31','2011-08-31','0','2011-08-31','0','33','nanjing lu','0','0.00','0.00');
insert into aa_active_info(activeid,userid,cid,typeid,sortid,title,content,starttime,endtime,status,time,jointype,areaid,address,payall,maxfee,minfee)values('cbe330252fVxQ10020taxQ10076','025sHayQ1002','025sHayQ1013','','2','huodong2','contentcontent...','2011-08-31','2011-08-31','0','2011-08-31','0','33','nanjing lu','0','0.00','0.00');
insert into aa_active_info(activeid,userid,cid,typeid,sortid,title,content,starttime,endtime,status,time,jointype,areaid,address,payall,maxfee,minfee)values('cbe330252fVxQ10020taxQ10077','025sHayQ1003','025sHayQ1014','','2','huodong3','contentcontent...','2011-08-31','2011-08-31','0','2011-08-31','0','33','nanjing lu','0','0.00','0.00');
insert into aa_active_info(activeid,userid,cid,typeid,sortid,title,content,starttime,endtime,status,time,jointype,areaid,address,payall,maxfee,minfee)values('cbe330252fVxQ10020taxQ10078','025sHayQ1004','025sHayQ1015','','2','huodong4','contentcontent...','2011-08-31','2011-08-31','0','2011-08-31','0','33','nanjing lu','0','0.00','0.00');
insert into aa_active_info(activeid,userid,cid,typeid,sortid,title,content,starttime,endtime,status,time,jointype,areaid,address,payall,maxfee,minfee)values('cbe330252fVxQ10020taxQ10079','025sHayQ1005','025sHayQ1016','','2','huodong5','contentcontent...','2011-08-31','2011-08-31','0','2011-08-31','0','33','nanjing lu','0','0.00','0.00');
insert into aa_active_info(activeid,userid,cid,typeid,sortid,title,content,starttime,endtime,status,time,jointype,areaid,address,payall,maxfee,minfee)values('cbe330252fVxQ10020taxQ10080','025sHayQ1006','025sHayQ1017','','2','huodong6','contentcontent...','2011-08-31','2011-08-31','0','2011-08-31','0','33','nanjing lu','0','0.00','0.00');
insert into aa_active_info(activeid,userid,cid,typeid,sortid,title,content,starttime,endtime,status,time,jointype,areaid,address,payall,maxfee,minfee)values('cbe330252fVxQ10020taxQ10081','025sHayQ1007','025sHayQ1018','','1','huodong7','contentcontent...','2011-08-31','2011-08-31','0','2011-08-31','0','33','nanjing lu','0','0.00','0.00');
insert into aa_active_info(activeid,userid,cid,typeid,sortid,title,content,starttime,endtime,status,time,jointype,areaid,address,payall,maxfee,minfee)values('cbe330252fVxQ10020taxQ10082','025sHayQ1008','025sHayQ1019','','1','huodong8','contentcontent...','2011-08-31','2011-08-31','0','2011-08-31','0','33','nanjing lu','0','0.00','0.00');
insert into aa_active_info(activeid,userid,cid,typeid,sortid,title,content,starttime,endtime,status,time,jointype,areaid,address,payall,maxfee,minfee)values('cbe330252fVxQ10020taxQ10083','025sHayQ1009','025sHayQ1020','','1','huodong9','contentcontent...','2011-08-31','2011-08-31','0','2011-08-31','0','33','nanjing lu','0','0.00','0.00');
insert into aa_active_info(activeid,userid,cid,typeid,sortid,title,content,starttime,endtime,status,time,jointype,areaid,address,payall,maxfee,minfee)values('cbe330252fVxQ10020taxQ10084','025sHayQ1010','025sHayQ1021','','1','huodong10','contentcontent...','2011-08-31','2011-08-31','0','2011-08-31','0','33','nanjing lu','0','0.00','0.00');
insert into aa_active_info(activeid,userid,cid,typeid,sortid,title,content,starttime,endtime,status,time,jointype,areaid,address,payall,maxfee,minfee)values('cbe330252fVxQ10020taxQ10085','025sHayQ1011','025sHayQ1022','','1','huodong11','contentcontent...','2011-08-31','2011-08-31','0','2011-08-31','0','33','nanjing lu','0','0.00','0.00');

